hokkaido	mikasa	三笠
hokkaido	suta%ef%bd%b0puraza-ashibetsu	スタープラザ 芦別
hokkaido	minamifurano	南ふらの
hokkaido	shiranuka-koitoi	しらぬか恋問
hokkaido	bifuka	びふか
hokkaido	esashi	江差
hokkaido	boyo-nakayama	望羊中山
hokkaido	fujimi	富士見
hokkaido	chuurui	忠類
hokkaido	ashoroko	足寄湖
hokkaido	mashuuonsen	摩周温泉
hokkaido	otoineppu	おといねっぷ
hokkaido	kamiyuubetsuonsen-chu%ef%bd%b0rippunoyu	かみゆうべつ温泉チューリップの湯
hokkaido	iwanai	いわない
hokkaido	maruseppu	まるせっぷ
hokkaido	akkeshi-gurumepa%ef%bd%b0ku	厚岸グルメパーク
hokkaido	sanfurawa%ef%bd%b0hokuryuu	サンフラワー北竜
hokkaido	mitsuishi	みついし
hokkaido	assabu	あっさぶ
hokkaido	yottekeshimamaki	よってけ!島牧
hokkaido	tekkuirando-taisei	てっくいランド大成
hokkaido	oho%ef%bd%b0tsuku-mombetsu	オホーツク紋別
hokkaido	yuu-yuu-mori	YOU･遊･もり
hokkaido	onneyuonsen	おんねゆ温泉
hokkaido	ru%ef%bd%b0to229-gennadai	ルート229元和台
hokkaido	hausuyarubi-naie	ハウスヤルビ奈井江
hokkaido	obiranishimbanya	おびら鰊番屋
hokkaido	mari%ef%bd%b0nairandookashima	マリーンアイランド岡島
hokkaido	okoppe	おこっぺ
hokkaido	akan-tanchonosato	阿寒丹頂の里
hokkaido	otofuke	おとふけ
hokkaido	pinneshiri	ピンネシリ
hokkaido	fo%ef%bd%b0resuto276otaki	フォーレスト276大滝
hokkaido	kaminokunimonju	上ノ国もんじゅ
hokkaido	osukoikamoenai	オスコイ!かもえない
hokkaido	nakasatsunai	なかさつない
hokkaido	maoinokakoen	マオイの丘公園
hokkaido	jukairo%ef%bd%b0dohidaka	樹海ロード日高
hokkaido	sobetsujohokanai	そうべつ情報館i(アイ)
hokkaido	nisekobyu%ef%bd%b0puraza	ニセコビュープラザ
hokkaido	shiriuchi	しりうち
hokkaido	yokozunanosato-fukushima	横綱の里ふくしま
hokkaido	sarabureddoro%ef%bd%b0do-niikappu	サラブレッドロード新冠
hokkaido	pia21-shihoro	ピア21しほろ
hokkaido	kaorinosato-takinoe	香りの里たきのうえ
hokkaido	denennosato-uryuu	田園の里うりゅう
hokkaido	mitaramuroran	みたら室蘭
hokkaido	toma	とうま
hokkaido	supe%ef%bd%b0su-appuru-yoichi	スペース・アップルよいち
hokkaido	hotto-haboro	ほっと♡はぼろ
hokkaido	saromako	サロマ湖
hokkaido	airando-yuubetsu	愛ランド湧別
hokkaido	omu	おうむ
hokkaido	sarufutsukoen	さるふつ公園
hokkaido	moritomizuuminosato-horokanai	森と湖の里ほろかない
hokkaido	utashinaichirorunoyu	うたしないチロルの湯
hokkaido	kuromatsunai	くろまつない
hokkaido	takikawa	たきかわ
hokkaido	suwan44nemuro	スワン44ねむろ
hokkaido	tsurunuma	つるぬま
hokkaido	natowa-esan	なとわ・えさん
hokkaido	tsudo-ru-puraza-sawara	つど～る・プラザ・さわら
hokkaido	shiretoko-rausu	知床・らうす
hokkaido	sarabetsu	さらべつ
hokkaido	daterekishinomori	だて歴史の杜
hokkaido	asahikawa	あさひかわ
hokkaido	shizentaikan-shimukappu	自然体感しむかっぷ
hokkaido	nishiokoppe-kamu	にしおこっぺ花夢
hokkaido	o%ef%bd%b0rorataun93rikubetsu	オーロラタウン93りくべつ
hokkaido	hanayaka-koshimizu	はなやか(葉菜野花)小清水
hokkaido	raisurando-fukagawa	ライスランドふかがわ
hokkaido	nakagawa	なかがわ
hokkaido	niisammaru-rusutsu	230ルスツ
hokkaido	teshio	てしお
hokkaido	kosumo%ef%bd%b0ru-taiki	コスモール大樹
hokkaido	guruttopanoramabihorotoge	ぐるっとパノラマ美幌峠
hokkaido	rankoshi-furusatonoka	らんこし・ふるさとの丘
hokkaido	toyora	とようら
hokkaido	meruhennoka-memambetsu	メルヘンの丘めまんべつ
hokkaido	mukawashikinoyakata	むかわ四季の館
hokkaido	aioi	あいおい
hokkaido	shikaoi	しかおい
hokkaido	shirataki	しらたき
hokkaido	ashoro-gingaho%ef%bd%b0ru21	あしょろ銀河ホール21
hokkaido	sa%ef%bd%b0mompa%ef%bd%b0ku-chitose	サーモンパーク千歳
hokkaido	higashikawa-michikusakan	ひがしかわ「道草館」
hokkaido	hanaro%ef%bd%b0do-eniwa	花ロードえにわ
hokkaido	sherupurazaminato	シェルプラザ・港
hokkaido	makkari-furawa%ef%bd%b0senta	真狩フラワーセンター
hokkaido	kanenonarumachichippubetsu	鐘のなるまち・ちっぷべつ
hokkaido	aputa	あぷた
hokkaido	urimaku	うりまく
hokkaido	ehonnosatokembuchi	絵本の里けんぶち
hokkaido	fuwattotomamae	風Wとままえ
hokkaido	shihoronsen	しほろ温泉
hokkaido	meisuinosato-kyogoku	名水の郷きょうごく
hokkaido	biei-okanokura	びえい「丘のくら」
hokkaido	romankaido-shosambetsu	☆ロマン街道しょさんべつ
hokkaido	utoro-shirietoku	うとろ・シリエトク
hokkaido	shari	しゃり
hokkaido	papasurando-sattsuru	パパスランドさっつる
hokkaido	mochigomenosato-nayoro	もち米の里☆なよろ
hokkaido	minatoma-re-suttsu	みなとま～れ寿都
hokkaido	toyako	とうや湖
hokkaido	ryuuhyokaidoabashiri	流氷街道網走
hokkaido	kitamaebune-matsumae	北前船 松前
hokkaido	sutera-hombetsu	ステラ★ほんべつ
hokkaido	utonaiko	ウトナイ湖
hokkaido	urahoro	うらほろ
hokkaido	shinshinotsu	しんしのつ
hokkaido	yuubari-mero%ef%bd%b0do	夕張メロード
hokkaido	odaito	おだいとう
hokkaido	jomonroman-minamikayabe	縄文ロマン 南かやべ
hokkaido	wakkanai	わっかない
hokkaido	akaigawa	あかいがわ
hokkaido	misogi-no-sato-kikonai	みそぎの郷 きこない
hokkaido	shikabe-kanketsusen-koen	しかべ間歇泉公園
aomori	shichinohe	しちのへ
aomori	hashikami	はしかみ
aomori	nijinoko	虹の湖
aomori	wakinosawa	わきのさわ
aomori	kawauchiko	かわうち湖
aomori	shingo	しんごう
aomori	hirosaki	ひろさき
aomori	oirase	奥入瀬
aomori	sannohe	さんのへ
aomori	namioka	なみおか
aomori	juusanko-kogen	十三湖高原
aomori	imabetsu	いまべつ
aomori	nango	なんごう
aomori	morita	もりた
aomori	asamushionsen	浅虫温泉
aomori	ikarigaseki	いかりがせき
aomori	inakadate	いなかだて
aomori	yokohama	よこはま
aomori	mimmaya	みんまや
aomori	kodomari	こどまり
aomori	misawa	みさわ
aomori	towada	とわだ
aomori	tsuruta	つるた
aomori	fukaura	ふかうら
aomori	ogawarako	おがわら湖
aomori	tairadate	たいらだて
aomori	rokunohe	ろくのへ
akita	takanosu	たかのす
akita	futatsui	ふたつい
akita	nishime	にしめ
akita	yatatetoge	やたて峠
akita	hachimori	はちもり
akita	kazuno	かづの
akita	kamioka	かみおか
akita	kotoka	ことおか
akita	higashiyuri	東由利
akita	kamikoani	かみこあに
akita	kisakata	象潟
akita	nakasen	なかせん
akita	ogachi	おがち
akita	tenno	てんのう
akita	iwaki	岩城
akita	showa	しょうわ
akita	minehama	みねはま
akita	sannai	さんない
akita	ochi	おおうち
akita	ani	あに
akita	hinai	ひない
akita	gojome	五城目
akita	shimizunosatochokaigo	清水の里・鳥海郷
akita	karinosatosennan	雁の里せんなん
akita	kyowa	協和
akita	mamederaga-michinoekijuumonji	まめでらが～ 道の駅十文字
akita	ogata	おおがた
akita	akitako	あきた港
akita	kosakananataki	こさか七滝
akita	odate-noshirokuuko	大館能代空港
akita	ugo	うご
iwate	ishidoriya	石鳥谷
iwate	takatamatsubara	高田松原
iwate	kuzakaikogen	区界高原
iwate	ono	おおの
iwate	taneyamagahara	種山ヶ原
iwate	iwaizumi	いわいずみ
iwate	noda	のだ
iwate	taro	たろう
iwate	tanohata	たのはた
iwate	mizusawa	みずさわ
iwate	nishine	にしね
iwate	shirakabanosato-yamagata	白樺の里やまがた
iwate	miyamori	みやもり
iwate	shiwa	紫波
iwate	hayachine	はやちね
iwate	yamada	やまだ
iwate	tonokazenoka	遠野風の丘
iwate	sanriku	さんりく
iwate	kinshuuko	錦秋湖
iwate	kuzumakikogen	くずまき高原
iwate	ishigaminoka	石神の丘
iwate	shizukuishianekko	雫石あねっこ
iwate	towa	とうわ
iwate	gembikei	厳美渓
iwate	oritsume	おりつめ
iwate	kawasaki	かわさき
iwate	yamabikokan	やまびこ館
iwate	miyako	みやこ
iwate	mitagaibunko	三田貝分校
iwate	kuji	くじ
iwate	kamaishisennintouge	釜石仙人峠
iwate	hiraizumi	平泉(平成29年度開業予定)
yamagata	gassan	月山
yamagata	kahoku	河北
yamagata	sagae	寒河江 チェリーランド
yamagata	atsumi	あつみ
yamagata	nishikawa	にしかわ
yamagata	iide	いいで
yamagata	murayama	むらやま
yamagata	tozawa	とざわ
yamagata	chokai	鳥海
yamagata	tazawa	田沢
yamagata	shiroimorioguni	白い森おぐに
yamagata	oe	おおえ
yamagata	shonaimikawa	庄内みかわ
yamagata	takahata	たかはた
yamagata	tendonsen	天童温泉
yamagata	obanazawa	尾花沢
yamagata	shiratakayanakoen	白鷹ヤナ公園
yamagata	asahimachi	あさひまち
yamagata	shonai	しょうない(2016年度開業予定)
yamagata	kawanominatonagai	川のみなと長井(平成29年4月開業予定)
miyagi	shichigashuku	七ヶ宿
miyagi	tsuyama	津山
miyagi	sambongi	三本木
miyagi	rotarihanayama	路田里はなやま
miyagi	oyakaigan	大谷海岸
miyagi	osato	おおさと
miyagi	yoneyama	米山
miyagi	a-ra-datenamichinoeki	あ・ら・伊達な道の駅
miyagi	rinrinkan	林林館
miyagi	jobonnosato	上品の郷
miyagi	minamikata	みなみかた
miyagi	murata	村田
miyagi	mitakido	三滝堂(2017.3.31開業予定)
fukushima	tsuchiyu	つちゆ
fukushima	kawamata	川俣
fukushima	tajima	たじま
fukushima	adachi	安達
fukushima	kitanosato	喜多の郷
fukushima	urabandai	裏磐梯
fukushima	naraha	ならは
fukushima	soma	そうま
fukushima	hanawa	はなわ
fukushima	aizuyanaizu	会津柳津
fukushima	fukushimatowa	ふくしま東和
fukushima	nishiaizu	にしあいづ
fukushima	ozekaido-mishimajuku	尾瀬街道みしま宿
fukushima	tamakawa	たまかわ
fukushima	hatorikokogen	羽鳥湖高原
fukushima	minamisoma	南相馬
fukushima	shimogo	しもごう
fukushima	hirata	ひらた
fukushima	yotsukurako	よつくら港
fukushima	bandai	ばんだい
fukushima	furudono	ふるどの
fukushima	banya	番屋
fukushima	kinosatotenei	季の里天栄
fukushima	kirara-289	きらら289
fukushima	okuaizukaneyama	奥会津かねやま
fukushima	sakuranosato	さくらの郷
fukushima	aizu-yugawa-aizubange	あいづ 湯川・会津坂下
fukushima	karamushiorinosato-showa	からむし織の里しょうわ
fukushima	inawashiro	猪苗代(2016年度開業予定)
fukushima	kunimiatsukashinosato	国見 あつかしの郷(平成28年度開業予定)
gunma	ueno	上野
gunma	guri%ef%bd%b0nfurawa%ef%bd%b0bokujo-ogo	ぐりーんふらわー牧場・大胡
gunma	kuni	六合
gunma	onoko	おのこ
gunma	joshuuonishi	上州おにし
gunma	kawabadenempuraza	川場田園プラザ
gunma	minakamimizukikokan	みなかみ水紀行館
gunma	shirasawa	白沢
gunma	kusatsuundojayakoen	草津運動茶屋公園
gunma	kurohoneyamabiko	くろほね・やまびこ
gunma	raranfujioka	ららん藤岡
gunma	komochi	こもち
gunma	tsukiyonoyazeshinsuikoen	月夜野矢瀬親水公園
gunma	myogi	みょうぎ
gunma	mambanosato	万葉の里
gunma	shimonita	しもにた
gunma	tomihirobijutsukan	富弘美術館
gunma	takuminosato	たくみの里
gunma	reizantakeyama	霊山たけやま
gunma	yoshiokaonsen	よしおか温泉
gunma	akaginomegumi	赤城の恵
gunma	kanra	甘楽
gunma	aguri%ef%bd%b0mushowa	あぐりーむ昭和
gunma	oashisunammoku	オアシスなんもく
gunma	fujimi-2	ふじみ
gunma	ota	おおた
gunma	yambafurusatokan	八ッ場ふるさと館
gunma	nakayamabonchi	中山盆地
gunma	kurabuchiogurinosato	くらぶち小栗の里
gunma	agatsumakyo	あがつま峡
gunma	tamamurajuku	玉村宿
tochigi	motegi	もてぎ
tochigi	ninomiya	にのみや
tochigi	yunokashiobara	湯の香しおばら
tochigi	nasukogen-yuuainomori	那須高原友愛の森
tochigi	meijinomorikuroiso	明治の森・黒磯
tochigi	bato	ばとう
tochigi	tosando-iono	東山道伊王野
tochigi	kitsuregawa	きつれがわ
tochigi	domannaka-tanuma	どまんなか たぬま
tochigi	haga	はが
tochigi	nasunoyoichinosato	那須与一の郷
tochigi	nasunogahara-hakubutsukan	那須野が原博物館
tochigi	mikamo	みかも
tochigi	omoigawa	思川
tochigi	yunishigawa	湯西川
tochigi	mibu	みぶ
tochigi	nishikata	にしかた
tochigi	shimotsuke	しもつけ
tochigi	yaita	やいた
tochigi	yuusuinosato-shioya	湧水の郷しおや
tochigi	utsunomiya-romanchikkumura	うつのみや ろまんちっく村
tochigi	sashibanosatoichikai	サシバの里いちかい
tochigi	nikkou	日光
tochigi	mashiko	ましこ(2016年度開業予定)
ibaraki	katsura	かつら
ibaraki	miwa	みわ
ibaraki	satomi	さとみ
ibaraki	sakai	さかい
ibaraki	okukujidaigo	奥久慈だいご
ibaraki	shimotsuma	しもつま
ibaraki	tamatsukuri	たまつくり
ibaraki	itako	いたこ
ibaraki	goka	ごか
ibaraki	makuraganosato-koga	まくらがの里 こが
ibaraki	hitachi-osakanasenta	日立おさかなセンター
ibaraki	hitachiomiya	常陸大宮
ibaraki	hitachiota-eki	ひたちおおた
tokyo	hachiojitakiyama	八王子滝山
chiba	tomiura	とみうら
chiba	miyoshimura	三芳村
chiba	yachiyo	やちよ
chiba	kyonan	きょなん
chiba	kamogawa-o%ef%bd%b0shampa%ef%bd%b0ku	鴨川オーシャンパーク
chiba	ro%ef%bd%b0zumari%ef%bd%b0koen	ローズマリー公園
chiba	fureaipa%ef%bd%b0ku-kimitsu	ふれあいパーク・きみつ
chiba	shonan	しょうなん
chiba	takeyuranosatotaki	たけゆらの里おおたき
chiba	tako	多古
chiba	azunosatoichihara	あずの里いちはら
chiba	kurimoto	くりもと
chiba	chikurashiokazeokoku	ちくら・潮風王国
chiba	furaritomiyama	富楽里とみやま
chiba	otsunosato	おおつの里
chiba	oraihasunuma	オライはすぬま
chiba	nagara	ながら
chiba	tsudoinosato-mutsuzawa	つどいの郷むつざわ
chiba	shirahamanojimazaki	白浜野島崎
chiba	namboparadaisu	南房パラダイス
chiba	mizunosatosawara	水の郷さわら
chiba	fuwarishibayama	風和里しばやま
chiba	wadaura-wao	和田浦 WA・O!
chiba	hakkonosatokozaki	発酵の里こうざき
chiba	kirariasahi	季楽里あさひ
chiba	hotasyougakkou	保田小学校
chiba	minori-no-sato-togane	みのりの郷東金
kanagawa	hakonetoge	箱根峠
kanagawa	yamakita	山北
kanagawa	kiyokawa-eki	清川
saitama	arakawa	あらかわ
saitama	ogawamachi	おがわまち
saitama	kawaguchiangyo	川口・あんぎょう
saitama	otakionsen	大滝温泉
saitama	okabe	おかべ
saitama	ryuuseikaikan	龍勢会館
saitama	doyonofurusato-otone	童謡のふる里おおとね
saitama	hanazono	はなぞの
saitama	ryokamionsenyakushinoyu	両神温泉薬師の湯
saitama	kawamoto	かわもと
saitama	menuma	めぬま
saitama	chichibu	ちちぶ
saitama	aguripa%ef%bd%b0kuyumesugito	アグリパークゆめすぎと
saitama	kajukoenashigakubo	果樹公園あしがくぼ
saitama	ichigonosatoyoshimi	いちごの里 よしみ
saitama	kitakawabe	きたかわべ
saitama	showa-2	庄和
saitama	hanyuu	はにゅう
saitama	minano	みなの
saitama	washinosatohigashichichibu	和紙の里ひがしちちぶ
yamanashi	tomizawa	とみざわ
yamanashi	kaiyamato	甲斐大和
yamanashi	narusawa	なるさわ
yamanashi	mitomi	みとみ
yamanashi	shimobe	しもべ
yamanashi	toyotomi	とよとみ
yamanashi	nirasaki	にらさき
yamanashi	doshi	どうし
yamanashi	katsuyama	かつやま
yamanashi	hanakagenosato-makioka	花かげの郷まきおか
yamanashi	hakushuu	はくしゅう
yamanashi	fujiyoshida	富士吉田
yamanashi	minamikiyosato	南きよさと
yamanashi	shirane	しらね
yamanashi	kobuchisawa	こぶちさわ
yamanashi	fujikawa-furusatokogeikan	富士川ふるさと工芸館
yamanashi	tabayama	たばやま
yamanashi	fujikawa	富士川
yamanashi	kosuge	こすげ
yamanashi	tsuru	つる(2016年度開業予定)
niigata	toyosaka	豊栄
niigata	kajikawa	加治川
niigata	kamihayashi	神林
niigata	asahi	朝日
niigata	niigatafurusatomura	新潟ふるさと村
niigata	no	能生
niigata	mikawa	みかわ
niigata	sekikawa	関川
niigata	chijiminosatojiya	ちぢみの里おぢや
niigata	aganosato	阿賀の里
niigata	sasagawanagare	笹川流れ
niigata	echigoizumozaki-tenryonosato	越後出雲崎 天領の里
niigata	tainai	胎内
niigata	yunotani	ゆのたに
niigata	ryokannosato-washima	良寛の里 わしま
niigata	matsudaifurusatokaikan	まつだいふるさと会館
niigata	echigoichiburinoseki	越後市振の関
niigata	kurosutentokamachi	クロス10十日町
niigata	kangakunosatoshitada	漢学の里しただ
niigata	kazenokayoneyama	風の丘米山(リニューアルのため休止中)
niigata	irihirose	いりひろせ
niigata	nishiyamafurusatokoen	西山ふるさと公苑
niigata	arai	あらい
niigata	ru%ef%bd%b0toniikyuumarutochio	R290とちお
niigata	geinototokinosato	芸能とトキの里
niigata	oyashirazupiapa%ef%bd%b0ku	親不知ピアパーク
niigata	segaenosatosenda	瀬替えの郷せんだ
niigata	yukinofurusato-yasuzuka	雪のふるさと やすづか
niigata	jonnobinosatotakayanagi	じょんのびの里高柳
niigata	kamuriniitsu	花夢里にいつ
niigata	kugami	国上
niigata	echigokawaguchi	越後川口
niigata	yoshikawatojinosato	よしかわ杜氏の郷
niigata	umiterasunadachi	うみてらす名立
niigata	minamiuonuma	南魚沼
niigata	pationiigata	パティオにいがた
niigata	mitsumata	みつまた
niigata	tsubamesanjo-jibasan-senter	燕三条地場産センター
niigata	teiennosatohonai	庭園の郷 保内
toyama	hosoiri	細入
toyama	tonami	砺波
toyama	kamitaira	上平
toyama	toga	利賀
toyama	inami	井波
toyama	fukumitsu	福光
toyama	taira	たいら
toyama	shogawa	庄川
toyama	unazuki	うなづき
toyama	kamompa%ef%bd%b0kushimminato	カモンパーク新湊
toyama	we%ef%bd%b0bupa%ef%bd%b0kunamerikawa	ウェーブパークなめりかわ
toyama	himi	氷見
toyama	manyonosato-takaoka	万葉の里 高岡
toyama	meruhenoyabe	メルヘンおやべ
ishikawa	semmaidapokettopa%ef%bd%b0ku	千枚田ポケットパーク
ishikawa	takamatsu	高松
ishikawa	iori	いおり
ishikawa	sakuratoge	桜峠
ishikawa	shirayamasan	しらやまさん
ishikawa	nakajimaromantoge	なかじまロマン峠
ishikawa	akakami	赤神
ishikawa	togiumikaido	とぎ海街道
ishikawa	wajima	輪島
ishikawa	korogakinosatoshika	ころ柿の里しか
ishikawa	sena	瀬女
ishikawa	ikkoikkinosato	一向一揆の里
ishikawa	notokuuko	のと里山空港
ishikawa	kurikara-gempeinosato	倶利伽羅 源平の郷
ishikawa	yamanakaonsen-yukemurikenkomura	山中温泉 ゆけむり健康村
ishikawa	notojima	のとじま
ishikawa	suzuendemmura	すず塩田村
ishikawa	uchinadasansettopa%ef%bd%b0ku	内灘サンセットパーク
ishikawa	notoshokusaiichiba	能登食祭市場
ishikawa	komatsukibagata	こまつ木場潟
ishikawa	noroshi	狼煙
ishikawa	suzunari	すずなり
ishikawa	orihimenosatonakanoto	織姫の里なかのと
ishikawa	anamizu	あなみず
ishikawa	notochirihama	のと千里浜(平成29年7月開業予定)
nagano	shinshuushimmachi	信州新町
nagano	naganoshioka-tokusansenta%ef%bd%b0	長野市大岡特産センター
nagano	shinetsusakae	信越さかえ
nagano	osakadakoen	小坂田公園
nagano	ikeda	池田
nagano	nakajo	中条
nagano	mimaki	みまき
nagano	hakuba	白馬
nagano	furusatotoyota	ふるさと豊田
nagano	marumeronoekinagato	マルメロの駅ながと
nagano	hottopa-ku-asashina	ほっとぱ～く・浅科
nagano	arupusuazumino-horiganenosato	アルプス安曇野 ほりがねの里
nagano	azuminomatsukawa	安曇野松川
nagano	fuuketsunosato	風穴の里
nagano	kitashinshuuyamanochi	北信州やまのうち
nagano	ueda-michitokawanoeki	上田 道と川の駅
nagano	shinshuutsutakijuku	信州蔦木宿
nagano	shinano	しなの
nagano	otari	小谷
nagano	sakakita	さかきた
nagano	pokapokarandomiasa	ぽかぽかランド美麻
nagano	oashisuobuse	オアシスおぶせ
nagano	raidenkuruminosato	雷電くるみの里
nagano	hananoeki-chikumagawa	花の駅 千曲川
nagano	aoki	あおき
nagano	ogawa	おがわ
nagano	utsukushigaharakogembijutsukan	美ヶ原高原美術館
nagano	imai-meguminosato	今井 恵みの里
nagano	hiyoshikisokomakogen	日義木曽駒高原
nagano	okuwa	大桑
nagano	naraikisonohashi	奈良井木曽の大橋
nagano	shinshuuhiraya	信州平谷
nagano	shinanojishimojo	信濃路下條
nagano	minamiarupusumurahase	南アルプスむら長谷
nagano	kisonarakawa	木曽ならかわ
nagano	mitake	三岳
nagano	shinshuuniinosengokudaira	信州新野千石平
nagano	hananosatoiijima	花の里いいじま
nagano	toyamago	遠山郷
nagano	kisofukushima	木曽福島
nagano	kisogawagenryuunosato-kisomura	木曽川源流の里 きそむら
nagano	farmuskijimadaira	FARMUS 木島平
nagano	tagiri-no-sato	田切の里
nagano	healthyterrassesakuminami	ヘルシーテラス佐久南(平成29年7月開業予定)
shizuoka	fuji	富士
shizuoka	kummasuishanosato	くんま水車の里
shizuoka	hananosanseien-izumatsuzaki	花の三聖苑伊豆松崎
shizuoka	utsunoyatoge	宇津ノ谷峠
shizuoka	ippukutokoroyokokawa	いっぷく処横川
shizuoka	fo%ef%bd%b0renakakawanechameikan	フォーレなかかわね茶茗舘
shizuoka	amagigoe	天城越え
shizuoka	okuoiotoginosato	奥大井音戯の郷
shizuoka	asagirikogen	朝霧高原
shizuoka	kawaneonsen	川根温泉
shizuoka	fujikawarakuza	富士川楽座
shizuoka	gyokuronosato	玉露の里
shizuoka	tenryuusozu-hanamomonosato	天竜相津 花桃の里
shizuoka	itomarintaun	伊東マリンタウン
shizuoka	kaikokushimodaminato	開国下田みなと
shizuoka	kakegawa	掛川
shizuoka	fujioyama	ふじおやま
shizuoka	shiomizaka	潮見坂
shizuoka	izunoheso	伊豆のへそ
shizuoka	shitagamonsen-yunohana	下賀茂温泉 湯の花
shizuoka	subashiri	すばしり
shizuoka	kazenomaru-omaezaki	風のマルシェ 御前崎
shizuoka	kururaheda	くるら戸田
shizuoka	izugatewaykannami	伊豆ゲートウェイ函南(平成29年5月開業予定)
aichi	toyoneguri%ef%bd%b0mpo%ef%bd%b0to-miyajima	豊根グリーンポート宮嶋
aichi	horaimikawasangoku	鳳来三河三石
aichi	taharamekkunhausu	田原めっくんはうす
aichi	iragokurisutaruporuto	伊良湖クリスタルポルト
aichi	tsugukogen-guri%ef%bd%b0mpa%ef%bd%b0ku	つぐ高原グリーンパーク
aichi	dongurinosato-inabu	どんぐりの里 いなぶ
aichi	agurisute%ef%bd%b0shon-nagura	アグリステーションなぐら
aichi	dempa%ef%bd%b0ku-anjo	デンパーク安城
aichi	tsukudetezukurimura	つくで手作り村
aichi	tatsutafureainosato	立田ふれあいの里
aichi	akabanerokosute%ef%bd%b0shon	あかばねロコステーション
aichi	fudegakinosato-kota	筆柿の里・幸田
aichi	nishiokanoyama	にしお岡ノ山
aichi	setoshinano	瀬戸しなの
aichi	fujikawashuku	藤川宿
aichi	mokkurushinshiro	もっくる新城
gifu	shizumo	賤母
gifu	minami	美並
gifu	pasukarukiyomi	パスカル清見
gifu	meiho	明宝
gifu	hanakaidotsukechi	花街道付知
gifu	minoshirakawa	美濃白川
gifu	rasutenhorado	ラステンほらど
gifu	shirotori	白鳥
gifu	okuhidaonsengokamitakara	奥飛騨温泉郷上宝
gifu	rokkuga%ef%bd%b0den-hichiso	ロック・ガーデン ひちそう
gifu	hoshinofurusato-fujihashi	星のふる里 ふじはし
gifu	shirakawago	白川郷
gifu	heisei	平成
gifu	arupuhidafurukawa	アルプ飛騨古川
gifu	hidakanayamanukumorinosatonsen	飛騨金山ぬく森の里温泉
gifu	kamiyahagira-fo%ef%bd%b0refukujunosato	上矢作ラ・フォーレ福寿の里
gifu	mondeusuhidakuraiyama	モンデウス飛騨位山
gifu	minamihidaosaka	南飛騨小坂
gifu	yumesansantanigumi	夢さんさん谷汲
gifu	tokiminoyakikaido	土岐美濃焼街道
gifu	fuyuugakinosatoitonuki	富有柿の里いとぬき
gifu	nanamorikiyomi	ななもり清見
gifu	kirirasakashita	きりら坂下
gifu	kure%ef%bd%b0ruhirata	クレール平田
gifu	maze-mikinosato	馬瀬 美輝の里
gifu	hidakaido-nagisa	飛騨街道 なぎさ
gifu	hidaasahimura	ひだ朝日村
gifu	sobanosato-ra-misato	そばの郷 らっせぃみさと
gifu	oribenosato-motosu	織部の里・もとす
gifu	hidatakanekobo	飛騨たかね工房
gifu	dainichidake	大日岳
gifu	sakuranosato-shokawa	桜の郷 荘川
gifu	mugegawa	むげ川
gifu	kokindenjunosatoyamato	古今伝授の里やまと
gifu	nihonshowamura	日本昭和村
gifu	chanosatohigashishirakawa	茶の里東白川
gifu	wara	和良
gifu	usuzumisakuranosato-neo	うすずみ桜の里・ねお
gifu	shino-oribe	志野・織部
gifu	kashimo	加子母
gifu	yashagaikenosatosakauchi	夜叉ヶ池の里さかうち
gifu	obaachanichi-yamaoka	おばあちゃん市・山岡
gifu	hidafurukawaibushi	飛騨古川いぶし
gifu	tsukiminosato-nanno	月見の里 南濃
gifu	yanaizu	柳津
gifu	gobokunoyakata-kawaue	五木のやかた・かわうえ
gifu	sukaido%ef%bd%b0mu-kamioka	宙ドーム・神岡
gifu	shiraofureaipa%ef%bd%b0ku	白尾ふれあいパーク
gifu	minoniwakachaya	美濃にわか茶屋
gifu	hidahakusan	飛騨白山
gifu	hanyuurinosato-tomika	半布里の郷 とみか
gifu	kanitte	可児ッテ「CANITTE」
gifu	ikedaonsen	池田温泉
gifu	seiryuushirakawa-kuo%ef%bd%b0renosato	清流白川 クオーレの里
gifu	seiryu-no-sato-sirotori	清流の里しろとり
mie	iitakaeki	飯高駅
mie	komono	菰野
mie	kihochomigamekoen	紀宝町ウミガメ公園
mie	pa%ef%bd%b0kushichirimihama	パーク七里御浜
mie	miyama	海山
mie	okuisekitsutsukikan	奥伊勢木つつ木館
mie	kumanokinokuni	熊野きのくに
mie	chakuraeki	茶倉駅
mie	okuiseodai	奥伊勢おおだい
mie	misugi	美杉
mie	sekijuku	関宿
mie	iseshima	伊勢志摩
mie	kiinagashimamambo	紀伊長島マンボウ
mie	ayama	あやま
mie	iga	いが
mie	tsukawage	津かわげ
mie	kumano-hana-no-iwaya	熊野・花の窟(2016年度開業予定)
fukui	kono	河野
fukui	kuzuryuu	九頭竜
fukui	pa%ef%bd%b0kuin-nyuugaoka	パークイン丹生ヶ丘
fukui	natasho	名田庄
fukui	mikuni	みくに
fukui	wakasakumakawashuku	若狭熊川宿
fukui	sakai-2	さかい
fukui	shi%ef%bd%b0saidotakahama	シーサイド高浜
fukui	wakasaobama	若狭おばま
fukui	umimpiaoi	うみんぴあ大飯
fukui	nishiyamakoen	西山公園
fukui	echizen	越前
fukui	mikatagoko	三方五湖
fukui	ichijodaniasakuramizunoeki	一乗谷あさくら水の駅
fukui	zen-no-sato	禅の里
osaka	chihayaakasaka	ちはやあかさか
osaka	chikatsuasukanosatotaishi	近つ飛鳥の里太子
osaka	nose-kurinosato	能勢(くりの郷)
osaka	kanan	かなん
osaka	shiratorinosato-habikino	しらとりの郷・羽曳野
osaka	izumiyamaainosato	いずみ山愛の里
osaka	tottopa%ef%bd%b0kukoshima	とっとパーク小島
osaka	aisairando	愛彩ランド
osaka	misaki	みさき(平成28年度開業予定)
kyoto	funayanosatoine	舟屋の里伊根
kyoto	shirukunomachi-kaya	シルクのまち かや
kyoto	tenkitenkitango	てんきてんき丹後
kyoto	nagomi	和
kyoto	gareriakameoka	ガレリアかめおか
kyoto	tambama%ef%bd%b0kesu	丹波マーケス
kyoto	mizuhonosato-sarabiki	瑞穂の里・さらびき
kyoto	noshonosatoyakuno	農匠の郷やくの
kyoto	maizurukotoretoresenta	舞鶴港とれとれセンター
kyoto	kyotoshinkoetsumura	京都新光悦村
kyoto	tangokingdom	丹後王国「食のみやこ」
kyoto	miyamafureaihiroba	美山ふれあい広場
kyoto	uddkeihoku	ウッディー京北
kyoto	kumihamasankaikan	くみはまSANKAIKAN
kyoto	supuringusuhiyoshi	スプリングスひよし
kyoto	kyotambaajimunosato	京丹波 味夢の里
kyoto	umi-no-kyoto-miyazu	海の京都 宮津
kyoto	ochanokyotominamiyamashiro	お茶の京都 みなみやましろ村(平成29年度開業予定)
hyogo	haga-2	はが
hyogo	asago	あさご
hyogo	chikusa	ちくさ
hyogo	kannabekogen	神鍋高原
hyogo	muraoka-fa%ef%bd%b0muga%ef%bd%b0den	村岡ファームガーデン
hyogo	yabu	やぶ
hyogo	tajimarakuza	但馬楽座
hyogo	minamihaga	みなみ波賀
hyogo	shinguu	しんぐう
hyogo	ru%ef%bd%b0to427kami	杉原紙の里・多可
hyogo	aogaki	あおがき
hyogo	hachikita	ハチ北
hyogo	awaji	あわじ
hyogo	miki	みき
hyogo	uzushio	うずしお
hyogo	harimaichinomiya	播磨いちのみや
hyogo	furesshuasago	フレッシュあさご
hyogo	shukubamachihirafuku	宿場町ひらふく
hyogo	ayunosatoyadagawa	あゆの里 矢田川
hyogo	tojo	とうじょう
hyogo	inagawa	いながわ
hyogo	higashiura-ta%ef%bd%b0minarupa%ef%bd%b0ku	東浦ターミナルパーク
hyogo	kitaharima-ekomyu%ef%bd%b0jiamu	北はりまエコミュージアム
hyogo	aioipe%ef%bd%b0ronjo	あいおい白龍城
hyogo	tambaobaachannosato	丹波おばあちゃんの里
hyogo	tajimanomahoroba	但馬のまほろば
hyogo	yokatajimanokura	ようか但馬蔵
hyogo	mitsu	みつ
hyogo	amarube	あまるべ
hyogo	ogo	淡河
hyogo	fukura	福良
hyogo	yamada-nishiki-hassyonomachi-taka	山田錦発祥のまち・多可
hyogo	kobe-fruits-flower-park-ozo	神戸フルーツ・フラワーパーク 大沢(2017年3月開業予定)
hyogo	saninkaigan-geopark-hamasaka-no-sato	山陰海岸ジオパーク浜坂の郷(平成29年度開業予定)
shiga	ainotsuchiyama	あいの土山
shiga	kutsukishinhonjin	くつき新本陣
shiga	shinasahifuushamura	しんあさひ風車村
shiga	higashiomishi-aito-ma%ef%bd%b0garettosute%ef%bd%b0shon	東近江市あいとうマーガレットステーション
shiga	biwakohashikomepuraza	びわ湖大橋米プラザ
shiga	omihahanosato	近江母の郷
shiga	konzenosatoritto	こんぜの里りっとう
shiga	kohokumizudorisute%ef%bd%b0shon	湖北みずどりステーション
shiga	kusatsu	草津
shiga	ryuuokagaminosato	竜王かがみの里
shiga	agurinosatoritto	アグリの郷栗東
shiga	makinossakatoge	マキノ追坂峠
shiga	tojunosatoadogawa	藤樹の里あどがわ
shiga	ibukinosato	伊吹の里
shiga	shiotsukaido-ajikamanosato	塩津海道あぢかまの里
shiga	seseraginosatokora	せせらぎの里こうら
shiga	imokonosato	妹子の郷
shiga	okueigenji-keiryuunosato	奥永源寺渓流の里
shiga	aguriparkryuou	アグリパーク竜王
shiga	azai-sanshimai-no-sato	浅井三姉妹の郷(2017年3月開業予定)
nara	yoshinoji-oto	吉野路 大塔
nara	yoshinoji-kamikitayama	吉野路 上北山
nara	suginoyu-kawakami	杉の湯 川上
nara	yoshinoji-kurotaki	吉野路 黒滝
nara	futakamipa%ef%bd%b0kutaima	ふたかみパーク當麻
nara	udajioda	宇陀路大宇陀
nara	totsukawago	十津川郷
nara	udajimuro	宇陀路室生
nara	hariterasu	針T・R・S
nara	yamatojiheguri	大和路へぐり
nara	yoshinoji-oyodoaisenta%ef%bd%b0	吉野路 大淀iセンター
nara	isehonkaido-mitsue	伊勢本街道 御杖
nara	katsuragi	かつらぎ(2016年度開業予定)
wakayama	shimizu	しみず
wakayama	san-pin-nakatsu	San Pin  中津
wakayama	furusatosenta%ef%bd%b0oto	ふるさとセンター大塔
wakayama	ryuujin	龍神
wakayama	inobu%ef%bd%b0tanrando-susami	イノブータンランド・すさみ
wakayama	shiharakaigan	志原海岸
wakayama	kumanokodonakahechi	熊野古道中辺路
wakayama	shiramanosato	しらまの里
wakayama	minabeumeshinkokan	みなべうめ振興館
wakayama	kishuubinchotankinenkoen	紀州備長炭記念公園
wakayama	dorokyokaidokumanogawa	瀞峡街道熊野川
wakayama	kinokawamanyonosato	紀の川万葉の里
wakayama	okukumanokodohonguu	奥熊野古道ほんぐう
wakayama	okutoro	おくとろ
wakayama	mizunosatohidakagawaryuuyuu	水の郷日高川 龍游
wakayama	myoefurusatokan	明恵ふるさと館
wakayama	negorosakuranosato	根来さくらの里
wakayama	araginosato	あらぎの里
wakayama	ichimaiiwa	一枚岩
wakayama	shirasakikaiyokoen	白崎海洋公園
wakayama	tsubakihananoyu	椿はなの湯
wakayama	nachi	なち
wakayama	takinohaitaro	瀧之拝太郎
wakayama	tanabeshiryuujingomasan-sukaitawa%ef%bd%b0	田辺市龍神ごまさんスカイタワー
wakayama	kushimotohashiguiiwa	くしもと橋杭岩
wakayama	kakinosatokudoyama	柿の郷くどやま
wakayama	mushikuiiwa	虫喰岩
wakayama	kuchikumano	くちくまの
wakayama	susami	すさみ
wakayama	katsuraginishi	かつらぎ西
wakayama	taiji	たいじ(2017.03開業予定)
wakayama	seisyu-no-sato	青洲の里
wakayama	kushigaki-no-sato	くしがきの里(平成28年度開業予定)
hiroshima	risutoasute%ef%bd%b0shon	リストアステーション
hiroshima	yuuyuusarontojo	遊YOUさろん東城
hiroshima	sanwa182-sute%ef%bd%b0shon	さんわ182ステーション
hiroshima	toyohiradongurimura	豊平どんぐり村
hiroshima	raimutogochi	来夢とごうち
hiroshima	yogansuhakuryuu	よがんす白竜
hiroshima	arisuto-numakuma	アリストぬまくま
hiroshima	suparakan	スパ羅漢
hiroshima	yumerandofuno	ゆめランド布野
hiroshima	foresutokimita	ふぉレスト君田
hiroshima	kurosuro%ef%bd%b0do-mitsugi	クロスロードみつぎ
hiroshima	mairo%ef%bd%b0dointa%ef%bd%b0chiyoda	舞ロードIC千代田
hiroshima	kitanosekijukuakitakata	北の関宿安芸高田
hiroshima	kohannosatofukutomi	湖畔の里福富
hiroshima	takehara	たけはら
hiroshima	miharashimmeinosato	みはら神明の里
hiroshima	takano	たかの
hiroshima	sera	世羅
hiroshima	bingo-fuchu	びんご府中(2016年度開業予定)
okayama	kamogawaenjo	かもがわ円城
okayama	meruhennosato-shinjo	メルヘンの里新庄
okayama	awakurando	あわくらんど
okayama	kumenan	くめなん
okayama	miyamakoen	みやま公園
okayama	ippommatsutemboen	一本松展望園
okayama	kuroisan-guri%ef%bd%b0mpa%ef%bd%b0ku	黒井山グリーンパーク
okayama	koigakubo	鯉が窪
okayama	hiruzenkogen	蒜山高原
okayama	kazenoie	風の家
okayama	saisaijaya	彩菜茶屋
okayama	okutsuonsen	奥津温泉
okayama	kumenosato	久米の里
okayama	daigonosato	醍醐の里
okayama	kayo	かよう
okayama	kasaoka-beifa%ef%bd%b0mu	笠岡ベイファーム
tottori	daiei	大栄
tottori	misasa-rakuichirakuza	三朝・楽市楽座
tottori	hojokoen	北条公園
tottori	po%ef%bd%b0toakasaki	ポート赤碕
tottori	hatto	はっとう
tottori	inubasari	犬挟
tottori	hawai	はわい
tottori	shinwanosato-shirosagi	神話の里 白うさぎ
tottori	seiryuuchaya-kawahara	清流茶屋 かわはら
tottori	wakasa	若桜
tottori	daisemmeguminosato	大山恵みの里
tottori	enchoen	燕趙園
tottori	kinanseiwami	きなんせ岩美
tottori	okudaisen	奥大山
tottori	nichinan-hinogawa-no-sato	にちなん日野川の郷
tottori	kotonoura	琴の浦(平成29年度開業予定)
shimane	kakeyanosato	掛合の里
shimane	tombara	頓原
shimane	yuuhipa%ef%bd%b0kuhamada	ゆうひパーク浜田
shimane	yuuhipa%ef%bd%b0kumisumi	ゆうひパーク三隅
shimane	mizuho	瑞穂
shimane	guri%ef%bd%b0nro%ef%bd%b0do-daiwa	グリーンロード大和
shimane	taishagoenhiroba	大社ご縁広場
shimane	saneito-mito	サンエイト美都
shimane	okuizumorochiru%ef%bd%b0pu	奥出雲おろちループ
shimane	hirose-todajo	広瀬・富田城
shimane	akagikogen	赤来高原
shimane	kakinokimura	かきのきむら
shimane	kirarataki	キララ多伎
shimane	yunokawa	湯の川
shimane	shirukuwei-nichihara	シルクウェイにちはら
shimane	aikanagisakoen	秋鹿なぎさ公園
shimane	tsuwanonsennagominosato	津和野温泉なごみの里
shimane	sakuranosatokisuki	さくらの里きすき
shimane	honjo	本庄
shimane	hikimikyo	匹見峡
shimane	sakaguraokuizumokoryuukan	酒蔵奥出雲交流館
shimane	infome%ef%bd%b0shonsenta%ef%bd%b0kawamoto	インフォメーションセンターかわもと
shimane	muikaichionsen	むいかいち温泉
shimane	ro%ef%bd%b0doginzan	ロード銀山
shimane	sampiko-gotsu	サンピコごうつ
shimane	orochinosato	おろちの里
shimane	araessa	あらエッサ
shimane	tatarabaichibanchi	たたらば壱番地
yamaguchi	abucho	阿武町
yamaguchi	hagiokan	萩往還
yamaguchi	asahi-2	あさひ
yamaguchi	aio	あいお
yamaguchi	yutoripa%ef%bd%b0ku-tamagawa	ゆとりパークたまがわ
yamaguchi	sazanseto-towa	サザンセトとうわ
yamaguchi	kikugawa	きくがわ
yamaguchi	hapinesu-fukue	ハピネスふくえ
yamaguchi	chomonkyo	長門峡
yamaguchi	pyuarain-nishiki	ピュアラインにしき
yamaguchi	ofuku	おふく
yamaguchi	mito	みとう
yamaguchi	nihonosato	仁保の郷
yamaguchi	hagi-shi%ef%bd%b0ma%ef%bd%b0to	萩しーまーと
yamaguchi	ganjojuonsen	願成就温泉
yamaguchi	uribonosato-katamata	うり坊の郷katamata
yamaguchi	hotarukaidonishinoichi	蛍街道西ノ市
yamaguchi	kirara-ajisu	きらら あじす
yamaguchi	hagi-sansansammi	萩・さんさん三見
yamaguchi	kitaurakaido-hohoku	北浦街道 豊北
yamaguchi	sore%ef%bd%b0ne-shuunan	ソレーネ周南
yamaguchi	kaminosekikaikyo	上関海峡
yamaguchi	shiosaiichibahoufu	潮彩市場防府
kagawa	setohashikinenkoen	瀬戸大橋記念公園
kagawa	tsudanomatsubara	津田の松原
kagawa	kotohiki	ことひき
kagawa	fureaipa%ef%bd%b0kumino	ふれあいパークみの
kagawa	shodoshima-ori%ef%bd%b0bukoen	小豆島オリーブ公園
kagawa	shodoshima-furusatomura	小豆島ふるさと村
kagawa	soranoyumemominokipa%ef%bd%b0ku	空の夢もみの木パーク
kagawa	miroku	みろく
kagawa	shionoe	しおのえ
kagawa	takinomiya	滝宮
kagawa	kotonami	ことなみ
kagawa	koibitonoseichi-utazurinkaikoen	恋人の聖地 うたづ臨海公園
kagawa	toyohama	とよはま
kagawa	takaradanosatosaita	たからだの里さいた
kagawa	osakajozansekikinenkoen	大坂城残石記念公園
kagawa	nagao	ながお
kagawa	konanrakuyu	香南楽湯
kagawa	gempeinosatomure	源平の里むれ
ehime	setonogyokoen	瀬戸農業公園
ehime	maintopiabesshi	マイントピア別子
ehime	hiyoshiyumesanchi	日吉夢産地
ehime	hirota	ひろた
ehime	futami	ふたみ
ehime	uchiko-furesshupa%ef%bd%b0kukarari	内子フレッシュパークからり
ehime	ikatakirarakan	伊方きらら館
ehime	kinahaiyashirokawa	きなはい屋しろかわ
ehime	misho-mikku	みしょうMIC
ehime	imabariyunoraonsen	今治湯ノ浦温泉
ehime	nijinomorikoemmatsuno	虹の森公園まつの
ehime	hiromimorinosankakuboshi	広見森の三角ぼうし
ehime	hakata-esushi%ef%bd%b0pa%ef%bd%b0ku	伯方S・Cパーク
ehime	imabarishitatarashimanamikoen	今治市多々羅しまなみ公園
ehime	shimanaminoekimishima	しまなみの駅御島
ehime	komatsuoashisu	小松オアシス
ehime	mikawa-2	みかわ
ehime	seiryuunosatohijikawa	清流の里ひじかわ
ehime	yoshiumiikiikikan	よしうみいきいき館
ehime	kazahayanosatofuwari	風早の郷風和里
ehime	mima	みま
ehime	odanosatoseseragi	小田の郷せせらぎ
ehime	uwajima-kisaiyahiroba	うわじま きさいや広場
ehime	kirinomori	霧の森
ehime	yawatahamaminatto	八幡浜みなっと
ehime	tsushimayasuraginosato	津島やすらぎの里
ehime	domburikan	どんぶり館
ehime	tenkuunosatosansan	天空の郷さんさん
tokushima	sadamitsuyuuyuukan	貞光ゆうゆう館
tokushima	washinosato	鷲の里
tokushima	shishikuionsen	宍喰温泉
tokushima	donari	どなり
tokushima	nishiiya	にしいや
tokushima	wajiki	わじき
tokushima	kubonosatonakagawa	公方の郷なかがわ
tokushima	momijigawaonsen	もみじ川温泉
tokushima	onsennosatokamiyama	温泉の里神山
tokushima	airandodatsu	藍ランドうだつ
tokushima	mino	三野
tokushima	hiwasa	日和佐
tokushima	daikunosato	第九の里
tokushima	oboke	大歩危
tokushima	hinanosatokatsuura	ひなの里かつうら
kochi	osugi	大杉
kochi	sukumo	すくも
kochi	otsuki	大月
kochi	shimantotaisho	四万十大正
kochi	yusuhara	ゆすはら
kochi	nankokufurari	南国風良里
kochi	birafu	美良布
kochi	fusegasaka	布施ヶ坂
kochi	kiramessemuroto	キラメッセ室戸
kochi	tosawashikogeimura	土佐和紙工芸村
kochi	tosasameura	土佐さめうら
kochi	oyama	大山
kochi	kawausonosatosusaki	かわうその里すさき
kochi	agurikubokawa	あぐり窪川
kochi	konoka	木の香
kochi	mejikanosatotosashimizu	めじかの里土佐清水
kochi	yasu	やす
kochi	musasabinosato	633美の里
kochi	tanoekiya	田野駅屋
kochi	biosuogata	ビオスおおがた
kochi	shimantotowa	四万十とおわ
kochi	naburatosasaga	なぶら土佐佐賀
kochi	yotte-nishitosa	よって西土佐
fukuoka	haratsuru	原鶴
fukuoka	buzenokoshikake	豊前おこしかけ
fukuoka	koishiwara	小石原
fukuoka	shinyoshitomi	しんよしとみ
fukuoka	ukiha	うきは
fukuoka	omuta	おおむた
fukuoka	tachibana	たちばな
fukuoka	usui	うすい
fukuoka	kanyuushahikosan	歓遊舎ひこさん
fukuoka	munakata	むなかた
fukuoka	kurume	くるめ
fukuoka	kawara	香春
fukuoka	oki	おおき
fukuoka	otosakurakaido	おおとう桜街道
fukuoka	miyama-2	みやま
fukuoka	itoda	いとだ
saga	kashima	鹿島
saga	kyuuragi	厳木
saga	imari	伊万里
saga	momoyamatenkaichi	桃山天下市
saga	yamauchi	山内
saga	yamato	大和
saga	yoshinogari	吉野ヶ里
saga	tara	太良
saga	shiroishi	しろいし(平成30年度開業予定)
nagasaki	ikitsukiohashi	生月大橋
nagasaki	mizunashihonjinfukae	みずなし本陣ふかえ
nagasaki	konchuunosatotabira	昆虫の里たびら
nagasaki	sonoginosho	彼杵の荘
nagasaki	saikai	さいかい
nagasaki	yuuhigaokasotome	夕陽が丘そとめ
nagasaki	matsuurauminofurusatokan	松浦海のふるさと館
nagasaki	kentoshifurusatokan	遣唐使ふるさと館
nagasaki	takarajima	鷹ら島
nagasaki	sasebox-99	させぼっくす 99
nagasaki	nagasakikaido-suzuta-toge	長崎街道鈴田峠
kumamoto	oguni	小国
kumamoto	namino	波野
kumamoto	kyokushi	旭志
kumamoto	ozu	大津
kumamoto	sakamoto	坂本
kumamoto	shiranuhi	不知火
kumamoto	ariake	有明
kumamoto	kahoku-2	鹿北
kumamoto	shichijomerondo-mu	七城メロンドーム
kumamoto	shisui	泗水
kumamoto	kikusui	きくすい
kumamoto	seiwabunrakumura	清和文楽邑
kumamoto	tsuujunkyo	通潤橋
kumamoto	ryuuhoku	竜北
kumamoto	nishiki	錦
kumamoto	tanora	たのうら
kumamoto	komoriutanosato-itsuki	子守唄の里 五木
kumamoto	uto-mari%ef%bd%b0na	宇土マリーナ
kumamoto	aso	阿蘇
kumamoto	minamata	みなまた
kumamoto	uki	うき
kumamoto	soyokazepa%ef%bd%b0ku	そよ風パーク
kumamoto	ononsen	大野温泉
kumamoto	misato-samatanoyu	美里「佐俣の湯」
kumamoto	kamiamakusasanparu	上天草さんぱーる
kumamoto	ushibukakaisaikan	うしぶか海彩館
kumamoto	asobounosatokugino	あそ望の郷くぎの
kumamoto	mizubeplaza-kamoto	水辺プラザかもと
kumamoto	suika-no-sato-ueki	すいかの里 植木(2016年11月下旬開業予定)
kumamoto	ashikita-dekopon	芦北でこぽん
oita	harajirinotaki	原尻の滝
oita	ume	宇目
oita	taketa	竹田
oita	saganoseki	佐賀関
oita	yamakuni	やまくに
oita	yabatopia	耶馬トピア
oita	asaji	あさじ
oita	innai	いんない
oita	seseragikyokamitsue	せせらぎ郷かみつえ
oita	yayoi	やよい
oita	taiokinzan	鯛生金山
oita	kiyokawa	きよかわ
oita	yufuin	ゆふいん
oita	mie	みえ
oita	kunisaki	くにさき
oita	mizubenosatoyama	水辺の郷おおやま
oita	kamae	かまえ
oita	nagayuonsen	ながゆ温泉
oita	ono-2	おおの
oita	kunimi	くにみ
oita	dowanosato-kusu	童話の里 くす
oita	sugo	すごう
oita	nakatsu	なかつ
oita	jion-no-taki-kusu	慈恩の滝 くす(2016年度開業予定)
miyazaki	takaoka	高岡
miyazaki	kitagawahayuma	北川はゆま
miyazaki	seiunhashi	青雲橋
miyazaki	yamanokuchi	山之口
miyazaki	kitaura	北浦
miyazaki	tano	田野
miyazaki	sakatani	酒谷
miyazaki	togo	とうごう
miyazaki	miyakonojo	都城
miyazaki	yu-parunojiri	ゆ～ぱるのじり
miyazaki	nango-2	なんごう
miyazaki	hyuuga	日向
miyazaki	takachiho	高千穂
miyazaki	fenikkusu	フェニックス
miyazaki	tsuno	つの
miyazaki	ebino	えびの
miyazaki	kitakatayotchimiroya	北方よっちみろ屋
kagoshima	kiire	喜入
kagoshima	kirishima	霧島
kagoshima	hiwaki	樋脇
kagoshima	matsuyama	松山
kagoshima	akune	阿久根
kagoshima	nagashima	長島
kagoshima	kuninomatsubaraosaki	くにの松原おおさき
kagoshima	nejime	根占
kagoshima	kawanabeyasuraginosato	川辺やすらぎの郷
kagoshima	amamioshimasumiyo	奄美大島住用
kagoshima	sakurajima	桜島
kagoshima	kimpokonohanakan	きんぽう木花館
kagoshima	osumiyagorodensetsunosato	おおすみ弥五郎伝説の里
kagoshima	takarabe	たからべ
kagoshima	ibusuki	いぶすき
kagoshima	tarumizu	たるみず
kagoshima	sueyoshi	すえよし
kagoshima	kuronosetodandan-ichiba	黒之瀬戸だんだん市場
kagoshima	yamagawaminatoiokaido	山川港活お海道
kagoshima	kinkonishikinosato	錦江にしきの里
kagoshima	nogataarasano	野方あらさの
okinawa	kyoda	許田
okinawa	ogimi	おおぎみ
okinawa	yuiyuikunigami	ゆいゆい国頭
okinawa	kadena	かでな
okinawa	kinabansho	喜名番所
okinawa	toyosaki	豊崎
okinawa	itoman	いとまん
okinawa	ginoza	ぎのざ
